<ImportExportXml version="9.2.24082.192" SolutionPackageVersion="9.2" languagecode="1033" generatedBy="CrmLive" xmlns:xsi="http://www.w3.org/2001/XMLSchema-instance">
  <SolutionManifest>
    <UniqueName>ExampleCodeReview</UniqueName>
    <LocalizedNames>
      <LocalizedName description="ExampleCodeReview" languagecode="1033" />
    </LocalizedNames>
    <Descriptions />
    <Version>1.0.0.0</Version>
    <Managed>0</Managed>
    <Publisher>
      <UniqueName>ali</UniqueName>
      <LocalizedNames>
        <LocalizedName description="ali" languagecode="1033" />
      </LocalizedNames>
      <Descriptions>
        <Description description="ali" languagecode="1033" />
      </Descriptions>
      <EMailAddress xsi:nil="true"></EMailAddress>
      <SupportingWebsiteUrl xsi:nil="true"></SupportingWebsiteUrl>
      <CustomizationPrefix>ali</CustomizationPrefix>
      <CustomizationOptionValuePrefix>45574</CustomizationOptionValuePrefix>
      <Addresses>
        <Address>
          <AddressNumber>1</AddressNumber>
          <AddressTypeCode>1</AddressTypeCode>
          <City xsi:nil="true"></City>
          <County xsi:nil="true"></County>
          <Country xsi:nil="true"></Country>
          <Fax xsi:nil="true"></Fax>
          <FreightTermsCode xsi:nil="true"></FreightTermsCode>
          <ImportSequenceNumber xsi:nil="true"></ImportSequenceNumber>
          <Latitude xsi:nil="true"></Latitude>
          <Line1 xsi:nil="true"></Line1>
          <Line2 xsi:nil="true"></Line2>
          <Line3 xsi:nil="true"></Line3>
          <Longitude xsi:nil="true"></Longitude>
          <Name xsi:nil="true"></Name>
          <PostalCode xsi:nil="true"></PostalCode>
          <PostOfficeBox xsi:nil="true"></PostOfficeBox>
          <PrimaryContactName xsi:nil="true"></PrimaryContactName>
          <ShippingMethodCode>1</ShippingMethodCode>
          <StateOrProvince xsi:nil="true"></StateOrProvince>
          <Telephone1 xsi:nil="true"></Telephone1>
          <Telephone2 xsi:nil="true"></Telephone2>
          <Telephone3 xsi:nil="true"></Telephone3>
          <TimeZoneRuleVersionNumber xsi:nil="true"></TimeZoneRuleVersionNumber>
          <UPSZone xsi:nil="true"></UPSZone>
          <UTCOffset xsi:nil="true"></UTCOffset>
          <UTCConversionTimeZoneCode xsi:nil="true"></UTCConversionTimeZoneCode>
        </Address>
        <Address>
          <AddressNumber>2</AddressNumber>
          <AddressTypeCode>1</AddressTypeCode>
          <City xsi:nil="true"></City>
          <County xsi:nil="true"></County>
          <Country xsi:nil="true"></Country>
          <Fax xsi:nil="true"></Fax>
          <FreightTermsCode xsi:nil="true"></FreightTermsCode>
          <ImportSequenceNumber xsi:nil="true"></ImportSequenceNumber>
          <Latitude xsi:nil="true"></Latitude>
          <Line1 xsi:nil="true"></Line1>
          <Line2 xsi:nil="true"></Line2>
          <Line3 xsi:nil="true"></Line3>
          <Longitude xsi:nil="true"></Longitude>
          <Name xsi:nil="true"></Name>
          <PostalCode xsi:nil="true"></PostalCode>
          <PostOfficeBox xsi:nil="true"></PostOfficeBox>
          <PrimaryContactName xsi:nil="true"></PrimaryContactName>
          <ShippingMethodCode>1</ShippingMethodCode>
          <StateOrProvince xsi:nil="true"></StateOrProvince>
          <Telephone1 xsi:nil="true"></Telephone1>
          <Telephone2 xsi:nil="true"></Telephone2>
          <Telephone3 xsi:nil="true"></Telephone3>
          <TimeZoneRuleVersionNumber xsi:nil="true"></TimeZoneRuleVersionNumber>
          <UPSZone xsi:nil="true"></UPSZone>
          <UTCOffset xsi:nil="true"></UTCOffset>
          <UTCConversionTimeZoneCode xsi:nil="true"></UTCConversionTimeZoneCode>
        </Address>
      </Addresses>
    </Publisher>
    <RootComponents>
      <RootComponent type="1" schemaName="account" behavior="1" />
      <RootComponent type="60" id="{15915835-b87c-49ec-9ffc-bfac3ac44ef1}" />
      <RootComponent type="61" schemaName="ali_/html/applicationinsights/monitoringInstructions.html" behavior="0" />
      <RootComponent type="61" schemaName="ali_/html/pva_custom.html" behavior="0" />
      <RootComponent type="61" schemaName="ali_/icons/appInsights.svg" behavior="0" />
      <RootComponent type="61" schemaName="ali_/icons/performance.svg" behavior="0" />
      <RootComponent type="61" schemaName="ali_/scripts/pva_bot_case.js" behavior="0" />
      <RootComponent type="61" schemaName="ali_exceptionscenarios" behavior="0" />
      <RootComponent type="91" id="{2691b73c-c5d0-4e01-a52f-354af1271997}" schemaName="D365.SamplePlugin, Version=1.0.0.0, Culture=neutral, PublicKeyToken=ee62f4e90629f92f" behavior="0" />
      <RootComponent type="92" id="{7ca3f426-2a41-e911-a984-000d3a1bec70}" behavior="0" />
    </RootComponents>
    <MissingDependencies>
      <MissingDependency>
        <Required type="1" schemaName="adx_contentaccesslevel" displayName="Content Access Level" solution="KnowledgeManagement (9.3.2306.0)">
          <package>CustomerPortal (9.3.2302.109)</package>
        </Required>
        <Dependent type="60" displayName="Portal Account" parentDisplayName="Account" id="{f145c04d-9c36-417e-a9f8-5d61e0b09980}" />
      </MissingDependency>
      <MissingDependency>
        <Required type="1" schemaName="entitlement" displayName="Entitlement" solution="msdynce_Service (9.0.5.56)">
          <package>msdynce_ServiceAnchor (9.0.24074.1003)</package>
        </Required>
        <Dependent type="60" displayName="Portal Account" parentDisplayName="Account" id="{f145c04d-9c36-417e-a9f8-5d61e0b09980}" />
      </MissingDependency>
      <MissingDependency>
        <Required type="1" schemaName="incident" displayName="Case" solution="msdynce_Service (9.0.5.56)">
          <package>msdynce_ServiceAnchor (9.0.24074.1003)</package>
        </Required>
        <Dependent type="60" displayName="Portal Account" parentDisplayName="Account" id="{f145c04d-9c36-417e-a9f8-5d61e0b09980}" />
      </MissingDependency>
      <MissingDependency>
        <Required type="1" schemaName="msdyn_accountpricelist" displayName="Account Project Price List" solution="ProjectService (4.108.0.53)">
          <package>ProjectOperations_Anchor (4.108.0.53)</package>
        </Required>
        <Dependent type="60" displayName="Account" parentDisplayName="Account" id="{8448b78f-8f42-454e-8e2a-f8196b0419af}" />
      </MissingDependency>
      <MissingDependency>
        <Required type="1" schemaName="opportunity" displayName="Opportunity" solution="msdynce_Sales (9.0.4.0076)">
          <package>msdynce_SalesAnchor (9.0.24082.10004)</package>
        </Required>
        <Dependent type="26" schemaName="All Accounts" displayName="All Accounts" parentSchemaName="account" parentDisplayName="Account" id="{65ffaf9a-e8c5-432d-860b-32f841b00d87}" />
      </MissingDependency>
      <MissingDependency>
        <Required type="1" schemaName="opportunity" displayName="Opportunity" solution="msdynce_Sales (9.0.4.0076)">
          <package>msdynce_SalesAnchor (9.0.24082.10004)</package>
        </Required>
        <Dependent type="60" displayName="Sales Insights" parentDisplayName="Account" id="{cb430327-bcc1-416d-959d-db7592e685af}" />
      </MissingDependency>
      <MissingDependency>
        <Required type="1" schemaName="opportunity" displayName="Opportunity" solution="msdynce_Sales (9.0.4.0076)">
          <package>msdynce_SalesAnchor (9.0.24082.10004)</package>
        </Required>
        <Dependent type="60" displayName="Portal Account" parentDisplayName="Account" id="{f145c04d-9c36-417e-a9f8-5d61e0b09980}" />
      </MissingDependency>
      <MissingDependency>
        <Required type="1" schemaName="product" displayName="Product" solution="msdynce_ProductManagement (9.0.4.0066)">
          <package>msdynce_ProductManagementAnchor (9.0.24082.10001)</package>
        </Required>
        <Dependent type="60" displayName="Portal Account" parentDisplayName="Account" id="{f145c04d-9c36-417e-a9f8-5d61e0b09980}" />
      </MissingDependency>
      <MissingDependency>
        <Required type="10" schemaName="adx_accountproduct" displayName="adx_accountproduct" parentSchemaName="account" parentDisplayName="Account" solution="KnowledgeManagement (9.3.2306.0)">
          <package>CustomerPortal (9.3.2302.109)</package>
        </Required>
        <Dependent type="60" displayName="Portal Account" parentDisplayName="Account" id="{f145c04d-9c36-417e-a9f8-5d61e0b09980}" />
      </MissingDependency>
      <MissingDependency>
        <Required type="10" schemaName="msa_account_managingpartner" displayName="msa_account_managingpartner" parentSchemaName="account" parentDisplayName="Account" solution="PowerPages_RuntimeCoreDependencies (1.0.2305.1)">
          <package>PowerPages_Core (1.0.2407.112)</package>
        </Required>
        <Dependent type="10" schemaName="msa_account_managingpartner" displayName="msa_account_managingpartner" parentSchemaName="account" parentDisplayName="Account" />
      </MissingDependency>
      <MissingDependency>
        <Required type="10" schemaName="msdyn_account_account_BillingAccount" displayName="msdyn_account_account_BillingAccount" parentSchemaName="account" parentDisplayName="Account" solution="FieldServiceCommon (1.0.0.134)">
          <package>ProjectOperations_Anchor (4.108.0.53)</package>
        </Required>
        <Dependent type="10" schemaName="msdyn_account_account_BillingAccount" displayName="msdyn_account_account_BillingAccount" parentSchemaName="account" parentDisplayName="Account" />
      </MissingDependency>
      <MissingDependency>
        <Required type="10" schemaName="msdyn_msdyn_taxcode_account_SalesTaxCode" displayName="msdyn_msdyn_taxcode_account_SalesTaxCode" parentSchemaName="account" parentDisplayName="Account" solution="FieldService (7.5.0.60)" />
        <Dependent type="60" displayName="Account" parentDisplayName="Account" id="{8448b78f-8f42-454e-8e2a-f8196b0419af}" />
      </MissingDependency>
      <MissingDependency>
        <Required type="10" schemaName="msdyn_territory_account_ServiceTerritory" displayName="msdyn_territory_account_ServiceTerritory" parentSchemaName="account" parentDisplayName="Account" solution="FieldService (7.5.0.60)" />
        <Dependent type="60" displayName="Account" parentDisplayName="Account" id="{8448b78f-8f42-454e-8e2a-f8196b0419af}" />
      </MissingDependency>
      <MissingDependency>
        <Required type="10" schemaName="adx_AccountContentAccessLevel" displayName="adx_AccountContentAccessLevel" parentSchemaName="adx_contentaccesslevel" parentDisplayName="Content Access Level" solution="KnowledgeManagement (9.3.2306.0)">
          <package>CustomerPortal (9.3.2302.109)</package>
        </Required>
        <Dependent type="60" displayName="Portal Account" parentDisplayName="Account" id="{f145c04d-9c36-417e-a9f8-5d61e0b09980}" />
      </MissingDependency>
      <MissingDependency>
        <Required type="10" schemaName="msdyn_account_msdyn_accountpricelist_Account" displayName="msdyn_account_msdyn_accountpricelist_Account" parentSchemaName="msdyn_accountpricelist" parentDisplayName="Account Project Price List" solution="ProjectService (4.108.0.53)">
          <package>ProjectOperations_Anchor (4.108.0.53)</package>
        </Required>
        <Dependent type="60" displayName="Account" parentDisplayName="Account" id="{8448b78f-8f42-454e-8e2a-f8196b0419af}" />
      </MissingDependency>
      <MissingDependency>
        <Required type="10" schemaName="msdyn_account_msdyn_agreement_BillingAccount" displayName="msdyn_account_msdyn_agreement_BillingAccount" parentSchemaName="msdyn_agreement" parentDisplayName="Agreement" solution="FieldService (7.5.0.60)" />
        <Dependent type="60" displayName="Account" parentDisplayName="Account" id="{8448b78f-8f42-454e-8e2a-f8196b0419af}" />
      </MissingDependency>
      <MissingDependency>
        <Required type="10" schemaName="msdyn_account_msdyn_agreement_ServiceAccount" displayName="msdyn_account_msdyn_agreement_ServiceAccount" parentSchemaName="msdyn_agreement" parentDisplayName="Agreement" solution="FieldService (7.5.0.60)" />
        <Dependent type="60" displayName="Account" parentDisplayName="Account" id="{8448b78f-8f42-454e-8e2a-f8196b0419af}" />
      </MissingDependency>
      <MissingDependency>
        <Required type="10" schemaName="msdyn_account_msdyn_customerasset_Account" displayName="msdyn_account_msdyn_customerasset_Account" parentSchemaName="msdyn_customerasset" parentDisplayName="Customer Asset" solution="msdyn_AssetCommon (1.0.50.1)">
          <package>msdynce_ServiceAnchor (9.0.24074.1003)</package>
        </Required>
        <Dependent type="60" displayName="Account" parentDisplayName="Account" id="{8448b78f-8f42-454e-8e2a-f8196b0419af}" />
      </MissingDependency>
      <MissingDependency>
        <Required type="10" schemaName="msdyn_account_msdyn_payment_Account" displayName="msdyn_account_msdyn_payment_Account" parentSchemaName="msdyn_payment" parentDisplayName="Payment" solution="FieldService (7.5.0.60)" />
        <Dependent type="60" displayName="Account" parentDisplayName="Account" id="{8448b78f-8f42-454e-8e2a-f8196b0419af}" />
      </MissingDependency>
      <MissingDependency>
        <Required type="10" schemaName="msdyn_account_msdyn_project_Customer" displayName="msdyn_account_msdyn_project_Customer" parentSchemaName="msdyn_project" parentDisplayName="Project" solution="ProjectService (4.108.0.53)">
          <package>ProjectOperations_Anchor (4.108.0.53)</package>
        </Required>
        <Dependent type="60" displayName="Account" parentDisplayName="Account" id="{8448b78f-8f42-454e-8e2a-f8196b0419af}" />
      </MissingDependency>
      <MissingDependency>
        <Required type="10" schemaName="msdyn_account_msdyn_purchaseorder_Vendor" displayName="msdyn_account_msdyn_purchaseorder_Vendor" parentSchemaName="msdyn_purchaseorder" parentDisplayName="Purchase Order" solution="FieldServiceCommon (1.0.0.134)">
          <package>ProjectOperations_Anchor (4.108.0.53)</package>
        </Required>
        <Dependent type="60" displayName="Account" parentDisplayName="Account" id="{8448b78f-8f42-454e-8e2a-f8196b0419af}" />
      </MissingDependency>
      <MissingDependency>
        <Required type="10" schemaName="msdyn_account_msdyn_rma_BillingAccount" displayName="msdyn_account_msdyn_rma_BillingAccount" parentSchemaName="msdyn_rma" parentDisplayName="RMA" solution="FieldService (7.5.0.60)" />
        <Dependent type="60" displayName="Account" parentDisplayName="Account" id="{8448b78f-8f42-454e-8e2a-f8196b0419af}" />
      </MissingDependency>
      <MissingDependency>
        <Required type="10" schemaName="msdyn_account_msdyn_rma_ServiceAccount" displayName="msdyn_account_msdyn_rma_ServiceAccount" parentSchemaName="msdyn_rma" parentDisplayName="RMA" solution="FieldService (7.5.0.60)" />
        <Dependent type="60" displayName="Account" parentDisplayName="Account" id="{8448b78f-8f42-454e-8e2a-f8196b0419af}" />
      </MissingDependency>
      <MissingDependency>
        <Required type="10" schemaName="msdyn_account_msdyn_rtv_Vendor" displayName="msdyn_account_msdyn_rtv_Vendor" parentSchemaName="msdyn_rtv" parentDisplayName="RTV" solution="FieldService (7.5.0.60)" />
        <Dependent type="60" displayName="Account" parentDisplayName="Account" id="{8448b78f-8f42-454e-8e2a-f8196b0419af}" />
      </MissingDependency>
      <MissingDependency>
        <Required type="10" schemaName="msdyn_account_msdyn_workorder_BillingAccount" displayName="msdyn_account_msdyn_workorder_BillingAccount" parentSchemaName="msdyn_workorder" parentDisplayName="Work Order" solution="FieldService (7.5.0.60)" />
        <Dependent type="60" displayName="Account" parentDisplayName="Account" id="{8448b78f-8f42-454e-8e2a-f8196b0419af}" />
      </MissingDependency>
      <MissingDependency>
        <Required type="10" schemaName="msdyn_account_msdyn_workorder_ServiceAccount" displayName="msdyn_account_msdyn_workorder_ServiceAccount" parentSchemaName="msdyn_workorder" parentDisplayName="Work Order" solution="FieldService (7.5.0.60)" />
        <Dependent type="60" displayName="Account" parentDisplayName="Account" id="{8448b78f-8f42-454e-8e2a-f8196b0419af}" />
      </MissingDependency>
      <MissingDependency>
        <Required type="2" schemaName="defaultpricelevelid" displayName="Product Price List" parentSchemaName="account" parentDisplayName="Account" solution="msdynce_ProductManagement (9.0.4.0066)">
          <package>msdynce_ProductManagementAnchor (9.0.24082.10001)</package>
        </Required>
        <Dependent type="60" displayName="Account" parentDisplayName="Account" id="{8448b78f-8f42-454e-8e2a-f8196b0419af}" />
      </MissingDependency>
      <MissingDependency>
        <Required type="2" schemaName="defaultpricelevelid" displayName="Product Price List" parentSchemaName="account" parentDisplayName="Account" solution="msdynce_ProductManagement (9.0.4.0066)">
          <package>msdynce_ProductManagementAnchor (9.0.24082.10001)</package>
        </Required>
        <Dependent type="60" displayName="Information" parentDisplayName="Account" id="{b053a39a-041a-4356-acef-ddf00182762b}" />
      </MissingDependency>
      <MissingDependency>
        <Required type="2" schemaName="msa_managingpartnerid" displayName="Managing Partner" parentSchemaName="account" parentDisplayName="Account" solution="PowerPages_RuntimeCoreDependencies (1.0.2305.1)">
          <package>PowerPages_Core (1.0.2407.112)</package>
        </Required>
        <Dependent type="2" schemaName="msa_managingpartnerid" displayName="Managing Partner" parentSchemaName="account" parentDisplayName="Account" />
      </MissingDependency>
      <MissingDependency>
        <Required type="2" schemaName="msdyn_billingaccount" displayName="Billing Account" parentSchemaName="account" parentDisplayName="Account" solution="FieldServiceCommon (1.0.0.134)">
          <package>ProjectOperations_Anchor (4.108.0.53)</package>
        </Required>
        <Dependent type="2" schemaName="msdyn_billingaccount" displayName="Billing Account" parentSchemaName="account" parentDisplayName="Account" />
      </MissingDependency>
      <MissingDependency>
        <Required type="2" schemaName="msdyn_billingaccount" displayName="Billing Account" parentSchemaName="account" parentDisplayName="Account" solution="FieldServiceCommon (1.0.0.134)">
          <package>ProjectOperations_Anchor (4.108.0.53)</package>
        </Required>
        <Dependent type="60" displayName="Account" parentDisplayName="Account" id="{8448b78f-8f42-454e-8e2a-f8196b0419af}" />
      </MissingDependency>
      <MissingDependency>
        <Required type="2" schemaName="msdyn_salestaxcode" displayName="Sales Tax Code" parentSchemaName="account" parentDisplayName="Account" solution="FieldService (7.5.0.60)" />
        <Dependent type="60" displayName="Account" parentDisplayName="Account" id="{8448b78f-8f42-454e-8e2a-f8196b0419af}" />
      </MissingDependency>
      <MissingDependency>
        <Required type="2" schemaName="msdyn_serviceterritory" displayName="Service Territory" parentSchemaName="account" parentDisplayName="Account" solution="FieldService (7.5.0.60)" />
        <Dependent type="60" displayName="Account" parentDisplayName="Account" id="{8448b78f-8f42-454e-8e2a-f8196b0419af}" />
      </MissingDependency>
      <MissingDependency>
        <Required type="2" schemaName="msdyn_taxexempt" displayName="Tax Exempt" parentSchemaName="account" parentDisplayName="Account" solution="FieldServiceCommon (1.0.0.134)">
          <package>ProjectOperations_Anchor (4.108.0.53)</package>
        </Required>
        <Dependent type="60" displayName="Account" parentDisplayName="Account" id="{8448b78f-8f42-454e-8e2a-f8196b0419af}" />
      </MissingDependency>
      <MissingDependency>
        <Required type="2" schemaName="msdyn_taxexemptnumber" displayName="Tax Exempt Number" parentSchemaName="account" parentDisplayName="Account" solution="FieldServiceCommon (1.0.0.134)">
          <package>ProjectOperations_Anchor (4.108.0.53)</package>
        </Required>
        <Dependent type="60" displayName="Account" parentDisplayName="Account" id="{8448b78f-8f42-454e-8e2a-f8196b0419af}" />
      </MissingDependency>
      <MissingDependency>
        <Required type="2" schemaName="msdyn_travelcharge" displayName="Travel Charge" parentSchemaName="account" parentDisplayName="Account" solution="FieldService (7.5.0.60)" />
        <Dependent type="60" displayName="Account" parentDisplayName="Account" id="{8448b78f-8f42-454e-8e2a-f8196b0419af}" />
      </MissingDependency>
      <MissingDependency>
        <Required type="2" schemaName="msdyn_travelchargetype" displayName="Travel Charge Type" parentSchemaName="account" parentDisplayName="Account" solution="FieldService (7.5.0.60)" />
        <Dependent type="60" displayName="Account" parentDisplayName="Account" id="{8448b78f-8f42-454e-8e2a-f8196b0419af}" />
      </MissingDependency>
      <MissingDependency>
        <Required type="2" schemaName="msdyn_workorderinstructions" displayName="Work Order Instructions" parentSchemaName="account" parentDisplayName="Account" solution="FieldService (7.5.0.60)" />
        <Dependent type="60" displayName="Account" parentDisplayName="Account" id="{8448b78f-8f42-454e-8e2a-f8196b0419af}" />
      </MissingDependency>
      <MissingDependency>
        <Required type="2" schemaName="openrevenue" displayName="Open Revenue" parentSchemaName="account" parentDisplayName="Account" solution="msdynce_Sales (9.0.4.0076)">
          <package>msdynce_SalesAnchor (9.0.24082.10004)</package>
        </Required>
        <Dependent type="60" displayName="Account Hierarchy Tile Form" parentDisplayName="Account" id="{69cff312-cfb6-4289-9631-249ab85d2c62}" />
      </MissingDependency>
      <MissingDependency>
        <Required type="2" schemaName="originatingleadid" displayName="Originating Lead" parentSchemaName="account" parentDisplayName="Account" solution="msdynce_LeadManagement (9.0.4.0066)">
          <package>msdynce_LeadManagementAnchor (9.0.24082.10001)</package>
        </Required>
        <Dependent type="60" displayName="Information" parentDisplayName="Account" id="{b053a39a-041a-4356-acef-ddf00182762b}" />
      </MissingDependency>
      <MissingDependency>
        <Required type="2" schemaName="originatingleadid" displayName="Originating Lead" parentSchemaName="account" parentDisplayName="Account" solution="msdynce_LeadManagement (9.0.4.0066)">
          <package>msdynce_LeadManagementAnchor (9.0.24082.10001)</package>
        </Required>
        <Dependent type="60" displayName="Sales Insights" parentDisplayName="Account" id="{cb430327-bcc1-416d-959d-db7592e685af}" />
      </MissingDependency>
      <MissingDependency>
        <Required type="2" schemaName="originatingleadid" displayName="Originating Lead" parentSchemaName="account" parentDisplayName="Account" solution="msdynce_LeadManagement (9.0.4.0066)">
          <package>msdynce_LeadManagementAnchor (9.0.24082.10001)</package>
        </Required>
        <Dependent type="60" displayName="Portal Account" parentDisplayName="Account" id="{f145c04d-9c36-417e-a9f8-5d61e0b09980}" />
      </MissingDependency>
      <MissingDependency>
        <Required type="2" schemaName="territoryid" displayName="Territory" parentSchemaName="account" parentDisplayName="Account" solution="msdynce_Sales (9.0.4.0076)">
          <package>msdynce_SalesAnchor (9.0.24082.10004)</package>
        </Required>
        <Dependent type="60" displayName="Information" parentDisplayName="Account" id="{b053a39a-041a-4356-acef-ddf00182762b}" />
      </MissingDependency>
      <MissingDependency>
        <Required type="26" schemaName="All Cases for Customer" displayName="All Cases for Customer" parentSchemaName="incident" parentDisplayName="Case" solution="msdynce_Service (9.0.5.56)" id="{00000000-0000-0000-00aa-000010001039}">
          <package>msdynce_ServiceAnchor (9.0.24074.1003)</package>
        </Required>
        <Dependent type="60" displayName="Portal Account" parentDisplayName="Account" id="{f145c04d-9c36-417e-a9f8-5d61e0b09980}" />
      </MissingDependency>
      <MissingDependency>
        <Required type="26" schemaName="My Open Opportunities" displayName="My Open Opportunities" parentSchemaName="opportunity" parentDisplayName="Opportunity" solution="msdynce_Sales (9.0.4.0076)" id="{00000000-0000-0000-00aa-000010003000}">
          <package>msdynce_SalesAnchor (9.0.24082.10004)</package>
        </Required>
        <Dependent type="26" schemaName="All Accounts" displayName="All Accounts" parentSchemaName="account" parentDisplayName="Account" id="{65ffaf9a-e8c5-432d-860b-32f841b00d87}" />
      </MissingDependency>
      <MissingDependency>
        <Required type="26" schemaName="My Open Opportunities" displayName="My Open Opportunities" parentSchemaName="opportunity" parentDisplayName="Opportunity" solution="msdynce_Sales (9.0.4.0076)" id="{00000000-0000-0000-00aa-000010003000}">
          <package>msdynce_SalesAnchor (9.0.24082.10004)</package>
        </Required>
        <Dependent type="60" displayName="Sales Insights" parentDisplayName="Account" id="{cb430327-bcc1-416d-959d-db7592e685af}" />
      </MissingDependency>
      <MissingDependency>
        <Required type="26" schemaName="My Open Opportunities" displayName="My Open Opportunities" parentSchemaName="opportunity" parentDisplayName="Opportunity" solution="msdynce_Sales (9.0.4.0076)" id="{00000000-0000-0000-00aa-000010003000}">
          <package>msdynce_SalesAnchor (9.0.24082.10004)</package>
        </Required>
        <Dependent type="60" displayName="Portal Account" parentDisplayName="Account" id="{f145c04d-9c36-417e-a9f8-5d61e0b09980}" />
      </MissingDependency>
      <MissingDependency>
        <Required type="26" schemaName="ProductsView" displayName="ProductsView" parentSchemaName="product" parentDisplayName="Product" solution="KnowledgeManagement (9.3.2306.0)" id="{37c33d65-0f5a-e611-80d1-00155db16f89}">
          <package>CustomerPortal (9.3.2302.109)</package>
        </Required>
        <Dependent type="60" displayName="Portal Account" parentDisplayName="Account" id="{f145c04d-9c36-417e-a9f8-5d61e0b09980}" />
      </MissingDependency>
      <MissingDependency>
        <Required type="26" schemaName="All Products, Families &amp; Bundles" displayName="All Products, Families &amp; Bundles" parentSchemaName="product" parentDisplayName="Product" solution="msdynce_ProductManagement (9.0.4.0066)" id="{44aeb57e-840f-4026-b898-24b261493c3c}">
          <package>msdynce_ProductManagementAnchor (9.0.24082.10001)</package>
        </Required>
        <Dependent type="60" displayName="Portal Account" parentDisplayName="Account" id="{f145c04d-9c36-417e-a9f8-5d61e0b09980}" />
      </MissingDependency>
      <MissingDependency>
        <Required type="26" schemaName="All Accounts" displayName="All Accounts" parentSchemaName="account" parentDisplayName="Account" solution="msdynce_AppCommon (9.0.4.0066)" id="{65ffaf9a-e8c5-432d-860b-32f841b00d87}">
          <package>msdynce_AppCommonAnchor (9.0.24082.10001)</package>
        </Required>
        <Dependent type="26" schemaName="All Accounts" displayName="All Accounts" parentSchemaName="account" parentDisplayName="Account" id="{65ffaf9a-e8c5-432d-860b-32f841b00d87}" />
      </MissingDependency>
      <MissingDependency>
        <Required type="26" schemaName="Account Entitlements" displayName="Account Entitlements" parentSchemaName="entitlement" parentDisplayName="Entitlement" solution="msdynce_Service (9.0.5.56)" id="{961bf8aa-042f-4f4d-bcca-935bfc9a6994}">
          <package>msdynce_ServiceAnchor (9.0.24074.1003)</package>
        </Required>
        <Dependent type="60" displayName="Portal Account" parentDisplayName="Account" id="{f145c04d-9c36-417e-a9f8-5d61e0b09980}" />
      </MissingDependency>
      <MissingDependency>
        <Required type="26" schemaName="Recent Opportunities" displayName="Recent Opportunities" parentSchemaName="opportunity" parentDisplayName="Opportunity" solution="msdynce_Sales (9.0.4.0076)" id="{9c3f7ee8-eca7-e211-9fb6-00155dd0ea05}">
          <package>msdynce_SalesAnchor (9.0.24082.10004)</package>
        </Required>
        <Dependent type="60" displayName="Sales Insights" parentDisplayName="Account" id="{cb430327-bcc1-416d-959d-db7592e685af}" />
      </MissingDependency>
      <MissingDependency>
        <Required type="26" schemaName="Recent Opportunities" displayName="Recent Opportunities" parentSchemaName="opportunity" parentDisplayName="Opportunity" solution="msdynce_Sales (9.0.4.0076)" id="{9c3f7ee8-eca7-e211-9fb6-00155dd0ea05}">
          <package>msdynce_SalesAnchor (9.0.24082.10004)</package>
        </Required>
        <Dependent type="60" displayName="Portal Account" parentDisplayName="Account" id="{f145c04d-9c36-417e-a9f8-5d61e0b09980}" />
      </MissingDependency>
      <MissingDependency>
        <Required type="26" schemaName="Active Project Price Lists" displayName="Active Project Price Lists" parentSchemaName="msdyn_accountpricelist" parentDisplayName="Account Project Price List" solution="ProjectService (4.108.0.53)" id="{9e8bd99a-72e8-49fe-8c6f-ec1ac8407f5a}">
          <package>ProjectOperations_Anchor (4.108.0.53)</package>
        </Required>
        <Dependent type="60" displayName="Account" parentDisplayName="Account" id="{8448b78f-8f42-454e-8e2a-f8196b0419af}" />
      </MissingDependency>
      <MissingDependency>
        <Required type="26" schemaName="Active Content Access Levels" displayName="Active Content Access Levels" parentSchemaName="adx_contentaccesslevel" parentDisplayName="Content Access Level" solution="KnowledgeManagement (9.3.2306.0)" id="{d96b5dc6-5acc-430b-936b-0d30175851b3}">
          <package>CustomerPortal (9.3.2302.109)</package>
        </Required>
        <Dependent type="60" displayName="Portal Account" parentDisplayName="Account" id="{f145c04d-9c36-417e-a9f8-5d61e0b09980}" />
      </MissingDependency>
      <MissingDependency>
        <Required type="59" schemaName="Top Customers" displayName="Top Customers" parentSchemaName="opportunity" parentDisplayName="Opportunity" solution="msdynce_Sales (9.0.4.0076)" id="{8bc5fb18-48f2-4782-9e16-3d452fa4ddce}">
          <package>msdynce_SalesAnchor (9.0.24082.10004)</package>
        </Required>
        <Dependent type="60" displayName="Sales Insights" parentDisplayName="Account" id="{cb430327-bcc1-416d-959d-db7592e685af}" />
      </MissingDependency>
      <MissingDependency>
        <Required type="59" schemaName="Top Customers" displayName="Top Customers" parentSchemaName="opportunity" parentDisplayName="Opportunity" solution="msdynce_Sales (9.0.4.0076)" id="{8bc5fb18-48f2-4782-9e16-3d452fa4ddce}">
          <package>msdynce_SalesAnchor (9.0.24082.10004)</package>
        </Required>
        <Dependent type="60" displayName="Portal Account" parentDisplayName="Account" id="{f145c04d-9c36-417e-a9f8-5d61e0b09980}" />
      </MissingDependency>
      <MissingDependency>
        <Required type="60" displayName="Accounts Dashboard" parentDisplayName="Account" solution="msdynce_Service (9.0.5.56)" id="{15915835-b87c-49ec-9ffc-bfac3ac44ef1}">
          <package>msdynce_ServiceAnchor (9.0.24074.1003)</package>
        </Required>
        <Dependent type="60" displayName="Accounts Dashboard" parentDisplayName="Account" id="{15915835-b87c-49ec-9ffc-bfac3ac44ef1}" />
      </MissingDependency>
      <MissingDependency>
        <Required type="60" displayName="account contact card" parentDisplayName="Contact" solution="msdynce_AppCommon (9.0.4.0066)" id="{29de27bc-a257-4f29-99cf-bab4a84e688f}">
          <package>msdynce_AppCommonAnchor (9.0.24082.10001)</package>
        </Required>
        <Dependent type="60" displayName="Account" parentDisplayName="Account" id="{8448b78f-8f42-454e-8e2a-f8196b0419af}" />
      </MissingDependency>
      <MissingDependency>
        <Required type="60" displayName="account contact card" parentDisplayName="Contact" solution="msdynce_AppCommon (9.0.4.0066)" id="{29de27bc-a257-4f29-99cf-bab4a84e688f}">
          <package>msdynce_AppCommonAnchor (9.0.24082.10001)</package>
        </Required>
        <Dependent type="60" displayName="Sales Insights" parentDisplayName="Account" id="{cb430327-bcc1-416d-959d-db7592e685af}" />
      </MissingDependency>
      <MissingDependency>
        <Required type="60" displayName="account contact card" parentDisplayName="Contact" solution="msdynce_AppCommon (9.0.4.0066)" id="{29de27bc-a257-4f29-99cf-bab4a84e688f}">
          <package>msdynce_AppCommonAnchor (9.0.24082.10001)</package>
        </Required>
        <Dependent type="60" displayName="Portal Account" parentDisplayName="Account" id="{f145c04d-9c36-417e-a9f8-5d61e0b09980}" />
      </MissingDependency>
      <MissingDependency>
        <Required type="60" displayName="Account Hierarchy Tile Form" parentDisplayName="Account" solution="msdynce_AppCommon (9.0.4.0066)" id="{69cff312-cfb6-4289-9631-249ab85d2c62}">
          <package>msdynce_AppCommonAnchor (9.0.24082.10001)</package>
        </Required>
        <Dependent type="60" displayName="Account Hierarchy Tile Form" parentDisplayName="Account" id="{69cff312-cfb6-4289-9631-249ab85d2c62}" />
      </MissingDependency>
      <MissingDependency>
        <Required type="60" displayName="Account" parentDisplayName="Account" solution="msdynce_AppCommon (9.0.4.0066)" id="{8448b78f-8f42-454e-8e2a-f8196b0419af}">
          <package>msdynce_AppCommonAnchor (9.0.24082.10001)</package>
        </Required>
        <Dependent type="60" displayName="Account" parentDisplayName="Account" id="{8448b78f-8f42-454e-8e2a-f8196b0419af}" />
      </MissingDependency>
      <MissingDependency>
        <Required type="60" displayName="Information" parentDisplayName="Account" solution="msdynce_AppCommon (9.0.4.0066)" id="{b053a39a-041a-4356-acef-ddf00182762b}">
          <package>msdynce_AppCommonAnchor (9.0.24082.10001)</package>
        </Required>
        <Dependent type="60" displayName="Information" parentDisplayName="Account" id="{b053a39a-041a-4356-acef-ddf00182762b}" />
      </MissingDependency>
      <MissingDependency>
        <Required type="60" displayName="Account Quick Create" parentDisplayName="Account" solution="msdynce_AppCommon (9.0.4.0066)" id="{c9e7ec2d-efca-4e4c-b3e3-f63c4bba5e4b}">
          <package>msdynce_AppCommonAnchor (9.0.24082.10001)</package>
        </Required>
        <Dependent type="60" displayName="Account Quick Create" parentDisplayName="Account" id="{c9e7ec2d-efca-4e4c-b3e3-f63c4bba5e4b}" />
      </MissingDependency>
      <MissingDependency>
        <Required type="60" displayName="Sales Insights" parentDisplayName="Account" solution="SICommon (9.0.24082.10002)" id="{cb430327-bcc1-416d-959d-db7592e685af}">
          <package>msdynce_SalesInsightsAnchor (9.0.24082.10006)</package>
        </Required>
        <Dependent type="60" displayName="Sales Insights" parentDisplayName="Account" id="{cb430327-bcc1-416d-959d-db7592e685af}" />
      </MissingDependency>
      <MissingDependency>
        <Required type="60" displayName="Portal Account" parentDisplayName="Account" solution="KnowledgeManagement (9.3.2306.0)" id="{f145c04d-9c36-417e-a9f8-5d61e0b09980}">
          <package>CustomerPortal (9.3.2302.109)</package>
        </Required>
        <Dependent type="60" displayName="Portal Account" parentDisplayName="Account" id="{f145c04d-9c36-417e-a9f8-5d61e0b09980}" />
      </MissingDependency>
      <MissingDependency>
        <Required type="61" schemaName="AppCommon/Account/Account_main_system_library.js" displayName="AppCommon/Account/Account_main_system_library.js" solution="msdynce_AppCommon (9.0.4.0066)">
          <package>msdynce_AppCommonAnchor (9.0.24082.10001)</package>
        </Required>
        <Dependent type="60" displayName="Account" parentDisplayName="Account" id="{8448b78f-8f42-454e-8e2a-f8196b0419af}" />
      </MissingDependency>
      <MissingDependency>
        <Required type="61" schemaName="AppCommon/Account/Account_main_system_library.js" displayName="AppCommon/Account/Account_main_system_library.js" solution="msdynce_AppCommon (9.0.4.0066)">
          <package>msdynce_AppCommonAnchor (9.0.24082.10001)</package>
        </Required>
        <Dependent type="60" displayName="Sales Insights" parentDisplayName="Account" id="{cb430327-bcc1-416d-959d-db7592e685af}" />
      </MissingDependency>
      <MissingDependency>
        <Required type="61" schemaName="AppCommon/Account/Account_main_system_library.js" displayName="AppCommon/Account/Account_main_system_library.js" solution="msdynce_AppCommon (9.0.4.0066)">
          <package>msdynce_AppCommonAnchor (9.0.24082.10001)</package>
        </Required>
        <Dependent type="60" displayName="Portal Account" parentDisplayName="Account" id="{f145c04d-9c36-417e-a9f8-5d61e0b09980}" />
      </MissingDependency>
      <MissingDependency>
        <Required type="61" schemaName="ayw_/scripts/applicationinsights/tracktelemetry.js" displayName="ayw_/scripts/applicationinsights/tracktelemetry.js" solution="ContosoWebResources (1.0.0.2)" />
        <Dependent type="60" displayName="Account" parentDisplayName="Account" id="{8448b78f-8f42-454e-8e2a-f8196b0419af}" />
      </MissingDependency>
      <MissingDependency>
        <Required type="61" schemaName="crl_/scripts/samples/LciVsUci" displayName="crl_/scripts/samples/LciVsUci" solution="Active" />
        <Dependent type="60" displayName="Account Quick Create" parentDisplayName="Account" id="{c9e7ec2d-efca-4e4c-b3e3-f63c4bba5e4b}" />
      </MissingDependency>
      <MissingDependency>
        <Required type="61" schemaName="dyw_/Utils/mycustomjquery.js" displayName="dyw_/Utils/mycustomjquery.js" solution="Active" />
        <Dependent type="60" displayName="Account" parentDisplayName="Account" id="{8448b78f-8f42-454e-8e2a-f8196b0419af}" />
      </MissingDependency>
      <MissingDependency>
        <Required type="61" schemaName="li_/Pages/CompanyProfile.html" displayName="li_/Pages/CompanyProfile.html" solution="LinkedIn (2.3.0.6)" />
        <Dependent type="60" displayName="Account" parentDisplayName="Account" id="{8448b78f-8f42-454e-8e2a-f8196b0419af}" />
      </MissingDependency>
      <MissingDependency>
        <Required type="61" schemaName="li_/Scripts/Forms/liProfileHelper.js" displayName="li_/Scripts/Forms/liProfileHelper.js" solution="LinkedIn (2.3.0.6)" />
        <Dependent type="60" displayName="Account" parentDisplayName="Account" id="{8448b78f-8f42-454e-8e2a-f8196b0419af}" />
      </MissingDependency>
      <MissingDependency>
        <Required type="61" schemaName="LinkedInIntegration/Common/msdyn_LinkedInIntegrationCommon.js" displayName="LinkedInIntegration/Common/msdyn_LinkedInIntegrationCommon.js" solution="LinkedInSalesNavigatorControlsForUnifiedClient (3.0.1.1698)">
          <package>msdyn_LinkedInSalesNavigatorAnchor (3.0.1.1698)</package>
        </Required>
        <Dependent type="60" displayName="Account" parentDisplayName="Account" id="{8448b78f-8f42-454e-8e2a-f8196b0419af}" />
      </MissingDependency>
      <MissingDependency>
        <Required type="61" schemaName="msdyn_/Account/Account.Library.js" displayName="msdyn_/Account/Account.Library.js" solution="FieldService (7.5.0.60)" />
        <Dependent type="60" displayName="Account" parentDisplayName="Account" id="{8448b78f-8f42-454e-8e2a-f8196b0419af}" />
      </MissingDependency>
      <MissingDependency>
        <Required type="61" schemaName="msdyn_/Account/AssetCommon.Account.Library.js" displayName="msdyn_/Account/AssetCommon.Account.Library.js" solution="msdyn_AssetCommon (1.0.50.1)">
          <package>msdynce_ServiceAnchor (9.0.24074.1003)</package>
        </Required>
        <Dependent type="60" displayName="Account" parentDisplayName="Account" id="{8448b78f-8f42-454e-8e2a-f8196b0419af}" />
      </MissingDependency>
      <MissingDependency>
        <Required type="61" schemaName="msdyn_/ACI/Scripts/ACILoader.js" displayName="msdyn_/ACI/Scripts/ACILoader.js" solution="RelationshipAnalytics (9.0.24082.10001)">
          <package>msdynce_SalesInsightsAnchor (9.0.24082.10006)</package>
          <package>SalesInsightsAddOn (9.0.23071.10002)</package>
        </Required>
        <Dependent type="60" displayName="Sales Insights" parentDisplayName="Account" id="{cb430327-bcc1-416d-959d-db7592e685af}" />
      </MissingDependency>
      <MissingDependency>
        <Required type="61" schemaName="msdyn_/ActivityFeeds.Form.js" displayName="msdyn_/ActivityFeeds.Form.js" solution="ActivityFeedsCore (9.0.0.0010)" />
        <Dependent type="60" displayName="Information" parentDisplayName="Account" id="{b053a39a-041a-4356-acef-ddf00182762b}" />
      </MissingDependency>
      <MissingDependency>
        <Required type="61" schemaName="msdyn_/Libraries/require/require.js" displayName="msdyn_/Libraries/require/require.js" solution="ProjectService (4.108.0.53)">
          <package>ProjectOperations_Anchor (4.108.0.53)</package>
        </Required>
        <Dependent type="60" displayName="Account" parentDisplayName="Account" id="{8448b78f-8f42-454e-8e2a-f8196b0419af}" />
      </MissingDependency>
      <MissingDependency>
        <Required type="61" schemaName="msdyn_/RecordWall.htm" displayName="msdyn_/RecordWall.htm" solution="ActivityFeedsCore (9.0.0.0010)" />
        <Dependent type="60" displayName="Information" parentDisplayName="Account" id="{b053a39a-041a-4356-acef-ddf00182762b}" />
      </MissingDependency>
      <MissingDependency>
        <Required type="61" schemaName="msdyn_/Utils/FieldServiceTrial.js" displayName="msdyn_/Utils/FieldServiceTrial.js" solution="FieldService (7.5.0.60)" />
        <Dependent type="60" displayName="Account" parentDisplayName="Account" id="{8448b78f-8f42-454e-8e2a-f8196b0419af}" />
      </MissingDependency>
      <MissingDependency>
        <Required type="61" schemaName="msdyn_/Utils/head1.0.3.js" displayName="msdyn_/Utils/head1.0.3.js" solution="FieldService (7.5.0.60)" />
        <Dependent type="60" displayName="Account" parentDisplayName="Account" id="{8448b78f-8f42-454e-8e2a-f8196b0419af}" />
      </MissingDependency>
      <MissingDependency>
        <Required type="61" schemaName="msdyn_SalesOmniChannel/SalesPhoneNumber.Library.js" displayName="msdyn_SalesOmniChannel/SalesPhoneNumber.Library.js" solution="msdyn_SalesOmniChannel (9.1.24082.10007)">
          <package>msdyn_AcceleratedSalesAnchor (9.1.24082.10007)</package>
        </Required>
        <Dependent type="60" displayName="Account" parentDisplayName="Account" id="{8448b78f-8f42-454e-8e2a-f8196b0419af}" />
      </MissingDependency>
      <MissingDependency>
        <Required type="61" schemaName="msdyn_SalesOmniChannel/SalesPhoneNumber.Library.js" displayName="msdyn_SalesOmniChannel/SalesPhoneNumber.Library.js" solution="msdyn_SalesOmniChannel (9.1.24082.10007)">
          <package>msdyn_AcceleratedSalesAnchor (9.1.24082.10007)</package>
        </Required>
        <Dependent type="60" displayName="Sales Insights" parentDisplayName="Account" id="{cb430327-bcc1-416d-959d-db7592e685af}" />
      </MissingDependency>
      <MissingDependency>
        <Required type="66" schemaName="Microsoft.AddressInputUCI" displayName="Microsoft.AddressInputUCI" solution="BaseCustomControlsCore (9.0.2408.2014)" />
        <Dependent type="60" displayName="Account" parentDisplayName="Account" id="{8448b78f-8f42-454e-8e2a-f8196b0419af}" />
      </MissingDependency>
      <MissingDependency>
        <Required type="66" schemaName="MscrmControls.AcceleratedSales.CadenceWidgetControl" displayName="MscrmControls.AcceleratedSales.CadenceWidgetControl" solution="msdyn_acceleratedsales (9.1.24082.10007)">
          <package>msdyn_AcceleratedSalesAnchor (9.1.24082.10007)</package>
          <package>msdynce_SalesInsightsAnchor (9.0.24082.10006)</package>
          <package>SalesInsightsAddOn (9.0.23071.10002)</package>
        </Required>
        <Dependent type="60" displayName="Sales Insights" parentDisplayName="Account" id="{cb430327-bcc1-416d-959d-db7592e685af}" />
      </MissingDependency>
      <MissingDependency>
        <Required type="66" schemaName="MscrmControls.Canvas.CanvasControl" displayName="MscrmControls.Canvas.CanvasControl" solution="BaseCustomControlsCore (9.0.2408.2014)" />
        <Dependent type="60" displayName="Account" parentDisplayName="Account" id="{8448b78f-8f42-454e-8e2a-f8196b0419af}" />
      </MissingDependency>
      <MissingDependency>
        <Required type="66" schemaName="MscrmControls.CardFeedContainer.CardFeedContainer" displayName="MscrmControls.CardFeedContainer.CardFeedContainer" solution="CustomControlsCore (9.2.24082.00192)" />
        <Dependent type="60" displayName="Account" parentDisplayName="Account" id="{8448b78f-8f42-454e-8e2a-f8196b0419af}" />
      </MissingDependency>
      <MissingDependency>
        <Required type="66" schemaName="MscrmControls.CardFeedContainer.CardFeedContainer" displayName="MscrmControls.CardFeedContainer.CardFeedContainer" solution="CustomControlsCore (9.2.24082.00192)" />
        <Dependent type="60" displayName="Sales Insights" parentDisplayName="Account" id="{cb430327-bcc1-416d-959d-db7592e685af}" />
      </MissingDependency>
      <MissingDependency>
        <Required type="66" schemaName="MscrmControls.Grid.GridControl" displayName="MscrmControls.Grid.GridControl" solution="CustomControlsCore (9.2.24082.00192)" />
        <Dependent type="26" schemaName="All Accounts" displayName="All Accounts" parentSchemaName="account" parentDisplayName="Account" id="{65ffaf9a-e8c5-432d-860b-32f841b00d87}" />
      </MissingDependency>
      <MissingDependency>
        <Required type="66" schemaName="MscrmControls.LinkedInIntegration.LinkedInAccountControl" displayName="MscrmControls.LinkedInIntegration.LinkedInAccountControl" solution="LinkedInSalesNavigatorControlsForUnifiedClient (3.0.1.1698)">
          <package>msdyn_LinkedInSalesNavigatorAnchor (3.0.1.1698)</package>
        </Required>
        <Dependent type="60" displayName="Account" parentDisplayName="Account" id="{8448b78f-8f42-454e-8e2a-f8196b0419af}" />
      </MissingDependency>
      <MissingDependency>
        <Required type="66" schemaName="MscrmControls.LinkedInIntegration.LinkedInLeadLookupControl" displayName="MscrmControls.LinkedInIntegration.LinkedInLeadLookupControl" solution="LinkedInSalesNavigatorControlsForUnifiedClient (3.0.1.1698)">
          <package>msdyn_LinkedInSalesNavigatorAnchor (3.0.1.1698)</package>
        </Required>
        <Dependent type="60" displayName="Account" parentDisplayName="Account" id="{8448b78f-8f42-454e-8e2a-f8196b0419af}" />
      </MissingDependency>
      <MissingDependency>
        <Required type="66" schemaName="MscrmControls.RAContainer.RAControl" displayName="MscrmControls.RAContainer.RAControl" solution="RelationshipAnalytics (9.0.24082.10001)">
          <package>msdynce_SalesInsightsAnchor (9.0.24082.10006)</package>
          <package>SalesInsightsAddOn (9.0.23071.10002)</package>
        </Required>
        <Dependent type="60" displayName="Sales Insights" parentDisplayName="Account" id="{cb430327-bcc1-416d-959d-db7592e685af}" />
      </MissingDependency>
      <MissingDependency>
        <Required type="66" schemaName="MscrmControls.RAContainer.RAControlv2" displayName="MscrmControls.RAContainer.RAControlv2" solution="RelationshipAnalytics (9.0.24082.10001)">
          <package>msdynce_SalesInsightsAnchor (9.0.24082.10006)</package>
          <package>SalesInsightsAddOn (9.0.23071.10002)</package>
        </Required>
        <Dependent type="60" displayName="Sales Insights" parentDisplayName="Account" id="{cb430327-bcc1-416d-959d-db7592e685af}" />
      </MissingDependency>
      <MissingDependency>
        <Required type="66" schemaName="msdyn_MscrmControls.TreeView.TreeViewControl" displayName="msdyn_MscrmControls.TreeView.TreeViewControl" solution="msdyn_AssetCommon (1.0.50.1)">
          <package>msdynce_ServiceAnchor (9.0.24074.1003)</package>
        </Required>
        <Dependent type="60" displayName="Account" parentDisplayName="Account" id="{8448b78f-8f42-454e-8e2a-f8196b0419af}" />
      </MissingDependency>
      <MissingDependency>
        <Required type="66" schemaName="msdyn_SalesOmniChannel.SalesPhoneNumberControl" displayName="msdyn_SalesOmniChannel.SalesPhoneNumberControl" solution="msdyn_SalesOmniChannel (9.1.24082.10007)">
          <package>msdyn_AcceleratedSalesAnchor (9.1.24082.10007)</package>
        </Required>
        <Dependent type="60" displayName="Account" parentDisplayName="Account" id="{8448b78f-8f42-454e-8e2a-f8196b0419af}" />
      </MissingDependency>
      <MissingDependency>
        <Required type="66" schemaName="msdyn_SalesOmniChannel.SalesPhoneNumberControl" displayName="msdyn_SalesOmniChannel.SalesPhoneNumberControl" solution="msdyn_SalesOmniChannel (9.1.24082.10007)">
          <package>msdyn_AcceleratedSalesAnchor (9.1.24082.10007)</package>
        </Required>
        <Dependent type="60" displayName="Sales Insights" parentDisplayName="Account" id="{cb430327-bcc1-416d-959d-db7592e685af}" />
      </MissingDependency>
      <MissingDependency>
        <Required type="90" schemaName="Dynamics.Samples.Plugins.v9.ReadOrganizerPartyList, Dynamics.Samples.Plugins.v9, Version=1.0.0.0, Culture=neutral, PublicKeyToken=313a1a4f3b2c4cfe" displayName="Dynamics.Samples.Plugins.v9.ReadOrganizerPartyList" solution="Active" id="{b84d07d6-aea5-4bf3-9c58-27daebb862e2}" />
        <Dependent type="92" displayName="Dynamics.Samples.Plugins.v9.ReadOrganizerPartyList: Retrieve of appointment" id="{7ca3f426-2a41-e911-a984-000d3a1bec70}" />
      </MissingDependency>
    </MissingDependencies>
  </SolutionManifest>
</ImportExportXml>