<ImportExportXml xmlns:xsi="http://www.w3.org/2001/XMLSchema-instance">
  <Entities></Entities>
  <Roles></Roles>
  <Workflows></Workflows>
  <FieldSecurityProfiles></FieldSecurityProfiles>
  <Templates />
  <EntityMaps />
  <EntityRelationships />
  <OrganizationSettings />
  <optionsets />
  <WebResources>
    <WebResource>
      <WebResourceId>{d959cc57-23fe-e811-a97e-000d3a1bec70}</WebResourceId>
      <Name>ayw_/scripts/applicationinsights/tracktelemetry.js</Name>
      <DisplayName>/scripts/applicationinsights/tracktelemetry.js</DisplayName>
      <LanguageCode>1033</LanguageCode>
      <WebResourceType>3</WebResourceType>
      <IntroducedVersion>1.18.12.12</IntroducedVersion>
      <IsEnabledForMobileClient>0</IsEnabledForMobileClient>
      <IsAvailableForMobileOffline>0</IsAvailableForMobileOffline>
      <DependencyXml>&lt;Dependencies&gt;&lt;Dependency componentType="WebResource"/&gt;&lt;/Dependencies&gt;</DependencyXml>
      <IsCustomizable>1</IsCustomizable>
      <CanBeDeleted>1</CanBeDeleted>
      <IsHidden>0</IsHidden>
      <FileName>/WebResources/ayw_scriptsapplicationinsightstracktelemetryjsD959CC57-23FE-E811-A97E-000D3A1BEC70</FileName>
    </WebResource>
    <WebResource>
      <WebResourceId>{1b3d94a0-034b-ed11-bba1-000d3a3387d1}</WebResourceId>
      <Name>ali_TrackTelemetry</Name>
      <DisplayName>Track Telemetry</DisplayName>
      <WebResourceType>3</WebResourceType>
      <IntroducedVersion>1.0.0.0</IntroducedVersion>
      <IsEnabledForMobileClient>0</IsEnabledForMobileClient>
      <IsAvailableForMobileOffline>0</IsAvailableForMobileOffline>
      <IsCustomizable>1</IsCustomizable>
      <CanBeDeleted>1</CanBeDeleted>
      <IsHidden>0</IsHidden>
      <FileName>/WebResources/ali_TrackTelemetry1B3D94A0-034B-ED11-BBA1-000D3A3387D1</FileName>
    </WebResource>
  </WebResources>
  <CustomControls />
  <EntityDataProviders />
  <Languages>
    <Language>1033</Language>
  </Languages>
</ImportExportXml>