<ImportExportXml xmlns:xsi="http://www.w3.org/2001/XMLSchema-instance">
  <Entities></Entities>
  <Roles></Roles>
  <Workflows></Workflows>
  <FieldSecurityProfiles></FieldSecurityProfiles>
  <Templates />
  <EntityMaps />
  <EntityRelationships />
  <OrganizationSettings />
  <optionsets />
  <CustomControls />
  <ServiceEndpoints>
    <ServiceEndpoint ServiceEndpointId="{e8db6557-044b-ed11-bba1-000d3a3387d1}" Name="ClaimWebhook">
      <ConnectionMode>1</ConnectionMode>
      <Contract>8</Contract>
      <Path> </Path>
      <SolutionNamespace> </SolutionNamespace>
      <UserClaim>1</UserClaim>
      <IsCustomizable>1</IsCustomizable>
      <AuthType>5</AuthType>
      <MessageFormat>2</MessageFormat>
      <NamespaceFormat>1</NamespaceFormat>
      <Url>https://tempuri.org/claims</Url>
      <UseKeyVaultConfiguration>0</UseKeyVaultConfiguration>
    </ServiceEndpoint>
  </ServiceEndpoints>
  <EntityDataProviders />
  <Languages>
    <Language>1033</Language>
  </Languages>
</ImportExportXml>